discount_flag,orders,mean_profit,median_profit,mean_sales,mean_AOV
0,4798,66.90029245518967,15.9952,226.74207378074198,58.90504168403502
1,5196,-6.657155792917629,3.3408,232.73525602386454,62.77978889530408
