total_sales,total_profit,mean_discount,mean_AOV,mean_margin
836154.033,145454.9481,0.1323226854358419,120.38935462912832,0.15613805312776619
719047.032,122490.8008,0.15728509790906076,32.15557816130103,0.1380302946491131
741999.7953,18451.2728,0.1739226779820839,90.85408821310703,0.0387835332152663
