group_vs_no_discount,mean_no_discount,mean_group,t_stat,p_value,n_group,p_value_adj,reject_H0
Low (0-16%) vs No Discount,66.90029245518967,71.56279794520547,-0.45618177735211063,0.6487741813313813,146,0.6487741813313813,False
Medium (16-32%) vs No Discount,66.90029245518967,19.83556402454615,11.325961205200443,1.7617165841183309e-29,3911,3.5234331682366617e-29,True
High (32-64%) vs No Discount,66.90029245518967,-123.51839619952494,12.999256471582509,2.6217877740884434e-33,421,1.0487151096353774e-32,True
Very High (>64%) vs No Discount,66.90029245518967,-98.34874108635097,10.882650376996926,7.722721732642438e-26,718,1.0296962310189918e-25,True
