Category,total_sales,avg_sales,total_profit,orders,avg_discount
Technology,836154.033,452.70927612344343,145454.9481,1847,0.1323226854358419
Office Supplies,719047.032,119.32410089611683,122490.8008,6026,0.15728509790906076
Furniture,741999.7953,349.8348869872702,18451.2728,2121,0.1739226779820839
